ID,First_name,Last_name,Address,City,Phone,Email
677509,Viv,Breazeall,73396 Portage Drive,Portalegre,913-252-5407,vbreazeall0@noaa.gov
940761,Brad,Bullick,3 Ramsey Court,Padangan,373-490-8778,bbullick1@ustream.tv
428945,De witt,Cawtheray,31782 Ronald Regan Plaza,Portland,208-124-0549,dcawtheray2@indiegogo.com
408351,Orsola,Coatsworth,02832 Elmside Alley,Parista,740-544-9317,ocoatsworth3@google.com
193819,Agnesse,Greatorex,3 Trailsway Circle,Bajo Naranjillo,413-551-3451,agreatorex4@techcrunch.com
499687,Amos,Bricknall,79212 Cherokee Crossing,Taverny,116-179-1567,abricknall5@yahoo.co.jp
539712,Mayer,Ruberti,11 Holy Cross Way,Fuhe,596-799-7909,mruberti6@blogs.com
380086,Abram,Mahaddie,9 Anthes Center,Dolní Studénky,212-495-1986,amahaddie7@github.io
477616,Juliann,Nicely,30208 Talisman Drive,Linjiang,951-610-8278,jnicely8@mysql.com
162402,Sherman,Angood,0 Carpenter Point,Laveiras,872-181-7219,sangood9@berkeley.edu
231469,Lyda,Rodrig,61975 Buell Plaza,Jepat Kidul,995-901-5680,lrodriga@businesswire.com
153989,Pat,Slator,646 Northview Street,Blatnica,130-847-5739,pslatorb@guardian.co.uk
386158,Ingrim,McConnell,526 Macpherson Way,Gombe,513-742-7666,imcconnellc@twitter.com
301576,Alistair,Pass,73 Mayer Junction,Belovodskoye,812-524-6939,apassd@princeton.edu
441771,Frederik,Scotchford,17 Sommers Drive,Hienghène,111-712-2426,fscotchforde@about.com
528509,Myron,Searby,37 Anniversary Junction,Waimangura,428-177-9042,msearbyf@theatlantic.com
912990,Nikaniki,Augustin,0138 Donald Drive,Castries,992-354-1003,naugusting@auda.org.au
214352,Gene,Sartin,51 Welch Street,Wanfa,975-939-2398,gsartinh@nps.gov
890290,Matty,Foskett,484 Saint Paul Drive,Upig,769-546-0569,mfosketti@163.com
622406,Joyann,Bezzant,6361 Hansons Circle,Yëlkino,702-563-5873,jbezzantj@unesco.org
979607,Andy,Kermath,197 Carberry Pass,Solec Nad Wisłą,518-457-4831,akermathk@sun.com
969580,Mackenzie,Gahagan,1 Myrtle Hill,Popovi,916-710-4604,mgahaganl@smugmug.com
426038,Tailor,Hoff,2 Sommers Place,Belén,537-127-0406,thoffm@japanpost.jp
388642,Annie,Moline,547 West Street,Mariquita,122-715-1328,amolinen@forbes.com
560455,Bogey,Fishby,42 Derek Parkway,São João do Campo,760-971-5043,bfishbyo@oracle.com
477253,Lonnard,Rubinowicz,1453 Declaration Trail,La Soledad,265-410-7756,lrubinowiczp@wikimedia.org
263480,Linell,Dobrowlski,8 Hayes Court,Yesan,708-640-4145,ldobrowlskiq@theguardian.com
683826,Othilia,London,36 Jana Place,Anambongan,543-506-5073,olondonr@independent.co.uk
474599,Giacopo,Scaysbrook,79 Spenser Alley,Utan,738-677-5953,gscaysbrooks@msn.com
335732,Dianne,Heatherington,710 Dapin Court,Dazu,285-713-4791,dheatheringtont@myspace.com
329752,Pen,Mellings,1 Dapin Lane,Kamenka,383-170-3300,pmellingsu@stumbleupon.com
893212,Kelsi,Cropton,06251 Derek Park,Madura,515-409-7113,kcroptonv@cbslocal.com
621833,Tuesday,Benedtti,03 Gerald Terrace,Yunluo,802-940-1946,tbenedttiw@cam.ac.uk
456747,Maurits,Blackham,332 Scott Hill,Tocoa,360-455-8398,mblackhamx@ifeng.com
278556,Nanny,Blare,603 Eastwood Point,Valencia,522-891-0744,nblarey@fastcompany.com
333476,Gaye,Midlane,591 Becker Drive,Pirot,325-784-4666,gmidlanez@cnet.com
218791,Minne,Clawley,062 8th Plaza,Moriya,667-112-5640,mclawley10@redcross.org
134841,Mellisent,Rambaut,071 Farmco Pass,Matayumtayum,786-671-4153,mrambaut11@posterous.com
726264,Brannon,McNulty,6086 Swallow Pass,Chiguayante,868-271-9909,bmcnulty12@fastcompany.com
766610,Theodoric,Wickardt,8 Thackeray Way,Pitrufquén,446-632-2247,twickardt13@aboutads.info
923947,Shantee,Riddeough,76 Autumn Leaf Drive,Rio de Moinhos,926-865-4712,sriddeough14@weebly.com
227922,Bertrand,Gertz,44014 Hansons Road,Loacan,933-285-3317,bgertz15@unicef.org
265813,Devina,Peete,31 Ronald Regan Junction,Ribeira Quente,988-550-8965,dpeete16@nbcnews.com
247137,Daisie,Havelin,3382 Mockingbird Point,Bundibugyo,713-550-5770,dhavelin17@pen.io
407061,Harriet,Crutchley,01 Linden Point,Ballylinan,715-696-3779,hcrutchley18@archive.org
226714,Trenton,Sweeny,8 Golf Crossing,Wukeshu,589-262-4899,tsweeny19@rambler.ru
702813,Parrnell,Walczak,53 Heffernan Trail,Balneário Camboriú,808-100-5576,pwalczak1a@bloomberg.com
524896,Morten,Issitt,5150 Fuller Lane,Sambonggede,196-155-8458,missitt1b@cdbaby.com
363065,Kaitlyn,Trittam,4288 Bobwhite Avenue,Kaset Wisai,956-878-4893,ktrittam1c@aol.com
879753,Dulci,Gambell,0658 Kim Parkway,Saripin,293-425-4358,dgambell1d@delicious.com
958326,Mirella,Ponceford,80178 Victoria Crossing,Laguilayan,978-942-7390,mponceford1e@google.it
447813,Egon,Eggers,39337 Trailsway Park,Zboriv,433-592-1943,eeggers1f@yahoo.co.jp
525955,Shellysheldon,Fones,94 Stone Corner Avenue,Schieren,961-255-6115,sfones1g@bizjournals.com
818384,Edyth,Ackenson,3 Rutledge Drive,Santa Praxedes,194-670-0983,eackenson1h@goodreads.com
971640,Jennine,Andretti,9 Erie Hill,Xinrong,950-255-2413,jandretti1i@sina.com.cn
253573,Yetta,Byk,9 Duke Pass,Ambohitrolomahitsy,584-495-2847,ybyk1j@addtoany.com
904898,Marius,Sheron,65229 Schiller Way,Horton,999-902-8260,msheron1k@lycos.com
515103,Gertrud,Eaken,49705 Westend Place,Povenets,891-333-6153,geaken1l@stanford.edu
491943,Kellie,Trahmel,11 Crest Line Parkway,Jakubów,153-971-6138,ktrahmel1m@twitter.com
750173,Gabriell,Iggulden,12 Reindahl Park,San Carlos,728-374-5970,giggulden1n@so-net.ne.jp
200000,Jethro,Batrim,9494 Washington Road,Maiorca,333-905-6496,jbatrim1o@de.vu
241882,Dermot,Goldstraw,53 Atwood Plaza,Kristinestad,212-650-2202,dgoldstraw1p@ehow.com
758872,Jada,Giovannacc@i,89471 Superior Avenue,Guder Lao,787-238-7043,jgiovannacci1q@nih.gov
940922,Sander,Mailey,92 Grim Avenue,Kozakai-chō,412-209-1916,smailey1r@pagesperso-orange.fr
917937,Desiree,Adamou,2116 Schmedeman Parkway,Mandalt,250-914-3188,dadamou1s@census.gov
917395,Eadie,Willbond,870 Warrior Pass,Salinas,831-242-7317,ewillbond1t@hp.com
183071,Wayland,Hurry,0 Prairieview Parkway,Ducheng,676-768-5044,whurry1u@youtube.com
316110,Emalia,Fenge,26 Lien Drive,Kadukandel,850-139-1320,efenge1v@slashdot.org
293459,Karlotta,Keeri,56 Bunting Parkway,Harembo,596-841-5495,kkeeri1w@nih.gov
732017,Torin,Cranton,62833 Crowley Alley,Lupon,327-157-2981,tcranton1x@bandcamp.com
915638,Jefferson,Ebbins,24123 Kedzie Crossing,Karviná,238-318-1149,jebbins1y@sbwire.com
478003,Noni,Blabie,87947 Pepper Wood Plaza,Morrinhos,209-887-9311,nblabie1z@jiathis.com
951225,Diana,Tukesby,55239 Hanson Park,Khiv,431-582-6572,dtukesby20@upenn.edu
883936,Crichton,Jenyns,4691 Eastlawn Junction,Ancahuasi,352-197-1665,cjenyns21@soundcloud.com
528673,Dannye,Haighton,1991 Mockingbird Crossing,Debark’,994-654-1101,dhaighton22@imageshack.us
765850,Stern,Parfett,16792 Sycamore Crossing,Sungairaya,111-266-6829,sparfett23@mtv.com
262382,Cass,Coale,42 Redwing Street,Wuxia,473-501-0778,ccoale24@chronoengine.com
870820,Myrvyn,Bird,0 Blue Bill Park Place,Manikchari,289-915-3697,mbird25@arstechnica.com
806955,Chlo,Colloby,1 Declaration Trail,Peña,756-372-6169,ccolloby26@yellowbook.com
325319,Sharleen,Goodge,192 Brown Parkway,Dū Qal‘ah,717-730-5484,sgoodge27@sun.com
623253,Marysa,Kepling,4 Spaight Plaza,Beylagan,754-319-2727,mkepling28@wired.com
225925,Frazer,Oiseau,247 Novick Place,Jiuchenggong,790-369-2074,foiseau29@washington.edu
761821,Howard,Stickles,549 Buell Drive,Đắk Hà,657-137-2571,hstickles2a@adobe.com
400173,Lionel,Trighton,92621 Bay Terrace,Yunchi,161-702-2259,ltrighton2b@vimeo.com
802554,Marshal,Stark,9709 Continental Point,Sembabule,192-994-1163,mstark2c@delicious.com
476433,Tomkin,Moan,5672 Superior Road,Alivéri,701-975-2918,tmoan2d@mayoclinic.com
533952,Maryanne,Getten,5232 Namekagon Hill,Vónitsa,253-738-2729,mgetten2e@unblog.fr
623929,Roger,Blade,04416 Fuller Way,Winston Salem,336-359-7012,rblade2f@youtube.com
844177,Orion,Veitch,206 Sage Hill,Bardaï,726-304-5957,oveitch2g@cbc.ca
212893,Daniel,Rickert,48572 Steensland Hill,Norcasia,872-349-9936,drickert2h@weebly.com
185032,Broderick,Waddilow,63615 7th Center,Mosfilotí,402-937-2566,bwaddilow2i@simplemachines.org
867084,Maiga,Yerbury,472 Schlimgen Plaza,Jesús María,291-710-2350,myerbury2j@sun.com
969964,Hector,Felder,0654 Clarendon Point,Changning,545-551-0241,hfelder2k@tuttocitta.it
158666,Clara,Fitzackerley,2376 Donald Parkway,Gelin,567-799-2189,cfitzackerley2l@acquirethisname.com
489424,Kate,Keenlayside,0552 Doe Crossing Street,Tomepampa,102-378-7438,kkeenlayside2m@princeton.edu
639892,Garey,Freddi,45851 7th Circle,Huizhou,604-607-6047,gfreddi2n@360.cn
704709,Burl,Glavin,6 Becker Avenue,Alīābad,584-505-3743,bglavin2o@cloudflare.com
461593,Eleanore,Cronk,28007 Parkside Park,Veverská Bítýška,939-762-5807,ecronk2p@live.com
392491,Helen-elizabeth,Station,3 Lotheville Lane,Xihe,951-310-3215,hstation2q@photobucket.com
495141,Rodie,Sterley,43 Clove Court,Tilang,341-575-2206,rsterley2r@blogspot.com